,Unnamed: 0,Name,Location,Year,Kilometers_Driven,Owner_Type,Mileage,Engine,Power,Seats,New_Price,Price,Fuel_Type_Diesel,Fuel_Type_Petrol,Transmission_Automatic,Transmission_Manual,Current_Age
1,7,Toyota Innova Crysta 2.8 GX AT 8S,Mumbai,2016,36000,First,11.36,2755,171.5,8.0,21.0,17.5,1,0,1,0,8
2,10,Maruti Ciaz Zeta,Kochi,2018,25692,First,21.56,1462,103.25,5.0,10.65,9.95,0,1,0,1,6
5,28,Honda WRV i-VTEC VX,Kochi,2018,37430,First,17.5,1199,88.7,5.0,10.57,9.9,0,1,0,1,6
7,36,Maruti Vitara Brezza ZDi Plus,Kochi,2018,50075,First,24.3,1248,88.5,5.0,11.12,8.63,1,0,0,1,6
10,60,Toyota Innova Crysta 2.4 GX MT 8S,Mumbai,2017,22000,First,13.68,2393,147.8,8.0,19.34,16.5,1,0,0,1,7
11,67,Mercedes-Benz C-Class Progressive C 220d,Coimbatore,2019,15369,First,0.0,1950,194.0,5.0,49.14,35.67,1,0,1,0,5
12,69,Hyundai Creta 1.4 E Plus Diesel,Mumbai,2018,13000,First,22.1,1396,88.7,5.0,11.81,10.5,1,0,0,1,6
14,81,Tata Zest Revotron 1.2T XE,Pune,2017,70000,First,17.57,1193,88.7,5.0,6.67,4.5,0,1,0,1,7
15,102,Datsun GO Plus T Petrol,Pune,2017,32851,First,19.83,1198,67.0,7.0,6.45,3.95,0,1,0,1,7
17,110,Toyota Innova Crysta 2.8 ZX AT,Mumbai,2017,30000,First,11.36,2755,171.5,7.0,27.0,19.25,1,0,1,0,7
18,111,Maruti Eeco 5 Seater AC,Coimbatore,2017,38053,First,15.1,1196,73.0,5.0,5.13,3.91,0,1,0,1,7
20,117,Nissan Micra XV CVT,Coimbatore,2016,39882,First,19.15,1198,75.94,5.0,9.51,6.55,0,1,1,0,8
21,119,Maruti Vitara Brezza VDi,Mumbai,2016,55000,First,24.3,1248,88.5,5.0,9.96,7.5,1,0,0,1,8
22,122,Hyundai Verna CRDi 1.6 SX Option,Kolkata,2018,10250,First,22.0,1582,126.2,5.0,14.44,10.95,1,0,0,1,6
24,134,Mercedes-Benz SLC 43 AMG,Kolkata,2017,13372,First,19.0,2996,362.07,2.0,95.04,54.0,0,1,1,0,7
25,135,Hyundai Verna VTVT 1.6 AT SX Plus,Kochi,2019,12645,First,17.0,1591,121.3,5.0,13.49,11.5,0,1,1,0,5
28,173,Hyundai Grand i10 1.2 Kappa Asta,Kolkata,2019,1000,First,18.9,1197,81.86,5.0,7.39,6.5,0,1,0,1,5
30,187,Maruti Baleno Alpha,Kochi,2017,24773,First,21.4,1197,83.1,5.0,8.78,7.5,0,1,0,1,7
31,193,Maruti Ertiga ZDI,Mumbai,2016,33000,First,25.47,1248,88.5,7.0,12.74,8.5,1,0,0,1,8
32,200,Mahindra NuvoSport N6,Chennai,2017,29000,Second,17.45,1493,100.0,7.0,10.52,6.5,1,0,0,1,7
33,201,Maruti Vitara Brezza ZDi Plus Dual Tone,Mumbai,2016,20000,First,24.3,1248,88.5,5.0,11.98,9.0,1,0,0,1,8
35,219,Skoda Superb Style 1.8 TSI AT,Hyderabad,2017,26000,First,14.67,1798,177.46,5.0,33.58,26.0,0,1,1,0,7
38,228,Mini Cooper Convertible S,Kochi,2017,26327,First,16.82,1998,189.08,4.0,44.28,35.67,0,1,1,0,7
39,235,Toyota Innova Crysta 2.8 GX AT,Kochi,2019,14165,First,11.36,2755,171.5,7.0,20.74,19.64,1,0,1,0,5
41,256,Toyota Innova Crysta 2.4 ZX MT,Pune,2017,43000,First,13.68,2393,147.8,7.0,25.52,18.65,1,0,0,1,7
43,264,Mercedes-Benz GLE 350d,Coimbatore,2017,29819,First,11.57,2987,254.79,5.0,95.13,61.29,1,0,1,0,7
44,277,Tata Zest Quadrajet 1.3 75PS XE,Pune,2017,121900,First,22.95,1248,74.0,5.0,8.34,3.75,1,0,0,1,7
45,290,Tata Zest Quadrajet 1.3 75PS XE,Pune,2018,45000,First,22.95,1248,74.0,5.0,8.34,5.25,1,0,0,1,6
47,298,Toyota Innova Crysta 2.4 ZX MT,Chennai,2016,48000,First,13.68,2393,147.8,7.0,25.4,20.25,1,0,0,1,8
48,303,Honda City i-VTEC CVT ZX,Mumbai,2017,15000,First,18.0,1497,117.3,5.0,16.67,12.69,0,1,1,0,7
49,310,Mercedes-Benz GLE 250d,Hyderabad,2017,29000,First,17.9,2143,201.15,5.0,79.43,57.0,1,0,1,0,7
51,327,Audi Q7 45 TDI Quattro Technology,Coimbatore,2017,97430,First,14.75,2967,245.0,7.0,1.04,62.67,1,0,1,0,7
52,343,Maruti Vitara Brezza LDi,Chennai,2016,45000,First,24.3,1248,88.5,5.0,9.12,7.15,1,0,0,1,8
55,352,Maruti Alto K10 VXI,Pune,2017,30000,First,24.07,998,67.1,5.0,4.48,3.75,0,1,0,1,7
56,355,Jaguar XF 2.0 Diesel Portfolio,Hyderabad,2017,21000,First,19.33,1999,177.0,5.0,72.64,52.0,1,0,1,0,7
57,357,Skoda Superb L&K 1.8 TSI AT,Kochi,2019,13747,First,14.67,1798,177.46,5.0,36.15,27.3,0,1,1,0,5
58,365,Mini Clubman Cooper S,Pune,2017,8350,First,13.8,1998,192.0,5.0,44.59,35.0,0,1,0,1,7
59,372,Maruti Vitara Brezza ZDi Plus,Hyderabad,2017,39000,First,24.3,1248,88.5,5.0,12.0,9.49,1,0,0,1,7
60,380,Honda BRV i-VTEC V CVT,Kochi,2017,35676,First,16.0,1497,117.3,7.0,14.65,9.48,0,1,1,0,7
61,389,Jaguar XE Portfolio,Mumbai,2017,9000,First,13.5,1999,246.74,5.0,53.72,34.5,0,1,1,0,7
62,401,Mitsubishi Pajero Sport 4X2 AT DualTone BlackTop,Hyderabad,2018,12000,First,13.5,2477,175.56,7.0,33.91,28.0,1,0,1,0,6
64,414,Honda BR-V i-VTEC S MT,Pune,2017,9000,First,15.4,1497,117.3,7.0,12.51,8.5,0,1,0,1,7
65,417,Hyundai i20 Active SX Petrol,Jaipur,2017,40250,First,17.19,1197,81.86,5.0,9.74,6.9,0,1,0,1,7
66,418,Mercedes-Benz GLC 43 AMG Coupe,Coimbatore,2018,22397,First,11.5,2996,367.0,5.0,95.38,70.99,0,1,1,0,6
67,423,Audi A6 35 TFSI Matrix,Mumbai,2016,47000,First,15.26,1798,187.74,5.0,60.59,24.5,0,1,1,0,8
69,442,Mahindra Bolero ZLX,Coimbatore,2016,82756,First,15.96,2523,62.1,7.0,11.28,7.7,1,0,0,1,8
70,446,Volkswagen Vento 1.6 Comfortline,Mumbai,2017,15000,Second,16.09,1598,103.5,5.0,11.48,7.1,0,1,0,1,7
71,456,Maruti S-Cross Delta DDiS 200 SH,Delhi,2018,12923,First,25.1,1248,88.5,5.0,11.26,8.92,1,0,0,1,6
72,457,Audi Q3 35 TDI Quattro Premium Plus,Coimbatore,2016,86642,First,15.17,1968,181.0,5.0,43.65,20.37,1,0,1,0,8
73,458,BMW 3 Series Luxury Line,Bangalore,2016,19235,First,21.76,1995,190.0,5.0,62.07,36.5,1,0,1,0,8
74,473,Mercedes-Benz E-Class E 220 d,Kochi,2018,26405,First,12.6,1950,191.34,5.0,86.97,51.43,0,1,1,0,6
75,489,Mercedes-Benz GLS 350d 4MATIC,Pune,2017,129000,First,11.0,2987,258.0,7.0,1.0,56.0,1,0,1,0,7
77,519,Hyundai Creta 1.6 SX,Chennai,2016,69434,First,15.8,1591,121.3,5.0,14.84,8.0,0,1,0,1,8
78,544,Mercedes-Benz New C-Class Progressive C 200,Kochi,2019,13190,First,0.0,1950,181.43,5.0,49.49,38.99,0,1,1,0,5
79,549,BMW X1 sDrive 20d xLine,Coimbatore,2017,31645,First,20.68,1995,190.0,5.0,48.18,29.4,1,0,1,0,7
81,558,Skoda Rapid 1.5 TDI Style,Hyderabad,2017,31000,First,21.13,1498,108.4,5.0,15.38,10.5,1,0,0,1,7
82,562,Toyota Innova Crysta 2.8 GX AT,Ahmedabad,2016,100200,First,11.36,2755,171.5,7.0,19.21,17.0,1,0,1,0,8
83,568,Jeep Compass 2.0 Limited,Jaipur,2018,29000,First,17.1,1956,170.0,5.0,22.95,19.0,1,0,0,1,6
85,578,Volkswagen Polo 1.5 TDI Highline,Coimbatore,2018,33558,First,20.14,1498,88.0,5.0,10.32,8.12,1,0,0,1,6
86,599,Toyota Innova Crysta 2.8 ZX AT,Coimbatore,2019,40674,First,11.36,2755,171.5,7.0,28.05,24.82,1,0,1,0,5
87,603,Mercedes-Benz GLC 220d 4MATIC Style,Mumbai,2018,10003,First,17.9,2143,170.0,5.0,59.77,48.5,1,0,1,0,6
88,604,Volkswagen Vento 1.5 TDI Highline AT,Mumbai,2016,25000,First,21.5,1498,108.5,5.0,15.86,9.45,1,0,1,0,8
89,615,Toyota Innova Crysta 2.4 GX MT 8S,Hyderabad,2017,52000,First,13.68,2393,147.8,8.0,19.43,17.5,1,0,0,1,7
90,618,Maruti Vitara Brezza ZDi,Pune,2016,21558,First,24.3,1248,88.5,5.0,10.65,8.9,1,0,0,1,8
91,632,Mini Cooper 5 DOOR D,Mumbai,2016,11000,First,20.7,1496,113.98,5.0,42.12,29.5,1,0,1,0,8
92,635,Tata Safari Storme VX Varicor 400,Jaipur,2017,37000,First,14.1,2179,154.0,7.0,16.95,11.25,1,0,0,1,7
93,636,Honda BR-V i-DTEC VX MT,Kochi,2017,32249,First,21.9,1498,98.6,7.0,15.45,10.79,1,0,0,1,7
94,639,Maruti Ignis 1.2 Alpha,Mumbai,2017,7000,First,20.89,1197,81.8,5.0,7.87,5.7,0,1,0,1,7
96,657,Honda BRV i-VTEC V CVT,Mumbai,2017,18000,First,16.0,1497,117.3,7.0,15.02,9.25,0,1,1,0,7
97,668,Maruti Vitara Brezza ZDi Plus Dual Tone,Coimbatore,2017,18108,First,24.3,1248,88.5,5.0,12.56,11.31,1,0,0,1,7
99,697,Toyota Innova Crysta 2.4 ZX MT,Bangalore,2017,64798,First,13.68,2393,147.8,7.0,26.45,18.75,1,0,0,1,7
100,714,Maruti Dzire AMT ZXI Plus,Hyderabad,2017,13000,First,22.0,1197,81.8,5.0,10.34,8.5,0,1,1,0,7
101,731,Hyundai Grand i10 1.2 CRDi Magna,Kolkata,2017,14000,First,24.0,1186,73.97,5.0,7.46,4.9,1,0,0,1,7
103,741,Maruti Ertiga VDI,Ahmedabad,2017,63939,First,25.47,1248,88.5,7.0,10.41,7.75,1,0,0,1,7
107,756,Honda Jazz VX,Kochi,2018,20024,First,18.2,1199,88.7,5.0,9.1,8.46,0,1,0,1,6
109,784,Hyundai Creta 1.6 SX,Ahmedabad,2016,21000,First,15.8,1591,121.3,5.0,13.74,10.9,0,1,0,1,8
111,796,Mahindra XUV500 W9 AT,Coimbatore,2019,19654,First,14.0,2179,155.0,7.0,21.33,17.63,1,0,1,0,5
112,802,Mercedes-Benz GLE 250d,Mumbai,2016,21000,First,17.9,2143,201.15,5.0,78.76,56.0,1,0,1,0,8
113,809,Honda Amaze VX Diesel,Hyderabad,2018,12000,First,27.4,1498,98.6,5.0,10.34,8.5,1,0,0,1,6
115,825,Volkswagen Ameo 1.5 TDI Highline,Mumbai,2017,51000,First,21.66,1498,108.62,5.0,10.04,6.45,1,0,0,1,7
116,838,Mahindra Xylo H4,Chennai,2016,215000,First,14.02,2179,118.3,7.0,11.67,7.5,1,0,0,1,8
117,850,Toyota Innova Crysta 2.4 ZX MT,Pune,2017,43200,First,13.68,2393,147.8,7.0,25.52,18.6,1,0,0,1,7
118,869,Hyundai Xcent 1.2 CRDi S,Jaipur,2018,25302,First,25.4,1186,73.97,5.0,8.56,5.9,1,0,0,1,6
119,875,Toyota Innova Crysta 2.8 ZX AT,Kochi,2018,41736,First,11.36,2755,171.5,7.0,27.0,19.92,1,0,1,0,6
120,878,Renault KWID 1.0 RXT Optional,Jaipur,2017,63262,First,21.7,999,67.0,5.0,4.78,3.25,0,1,0,1,7
121,880,Maruti Celerio VXI Optional AMT,Pune,2017,7500,First,23.1,998,67.04,5.0,6.14,5.0,0,1,1,0,7
123,897,Datsun redi-GO T Option,Bangalore,2016,20487,First,22.7,799,53.64,5.0,4.37,2.66,0,1,0,1,8
126,940,Jeep Compass 2.0 Limited 4X4,Mumbai,2017,52000,First,16.3,1956,170.0,5.0,24.26,20.0,1,0,0,1,7
127,941,Land Rover Range Rover Evoque 2.0 TD4 HSE Dynamic,Kochi,2018,31427,First,15.68,1999,177.0,5.0,75.12,59.72,1,0,1,0,6
128,942,Maruti Baleno Alpha Diesel,Kolkata,2016,29000,First,27.39,1248,74.0,5.0,9.53,6.5,1,0,0,1,8
130,952,Toyota Innova Crysta 2.4 ZX MT,Coimbatore,2018,92056,First,13.68,2393,147.8,7.0,26.45,18.39,1,0,0,1,6
131,954,Honda Jazz VX Diesel,Mumbai,2016,38000,First,27.3,1498,98.6,5.0,11.15,6.21,1,0,0,1,8
132,962,Mercedes-Benz C-Class Progressive C 220d,Mumbai,2018,8682,First,0.0,1950,194.0,5.0,52.26,39.5,1,0,1,0,6
134,1001,Renault KWID RXT Optional,Hyderabad,2018,1900,First,25.17,799,53.3,5.0,4.8,4.45,0,1,0,1,6
135,1010,Ford Ecosport Signature Edition Diesel,Coimbatore,2019,23154,First,23.0,1498,98.96,5.0,12.12,11.65,1,0,0,1,5
136,1012,Toyota Innova Crysta 2.4 GX MT,Chennai,2017,67489,First,13.68,2393,147.8,7.0,19.37,16.5,1,0,0,1,7
139,1039,Jeep Compass 1.4 Limited Option,Mumbai,2017,4000,First,16.0,1368,160.0,5.0,23.68,17.75,0,1,1,0,7
141,1050,Ford EcoSport 1.5 Petrol Titanium Plus AT,Coimbatore,2018,18385,First,14.8,1497,121.36,5.0,14.1,12.41,0,1,1,0,6
142,1056,Maruti S-Cross Zeta DDiS 200 SH,Coimbatore,2016,74611,First,25.1,1248,88.5,5.0,13.26,7.94,1,0,0,1,8
143,1065,Toyota Innova Crysta 2.8 ZX AT,Bangalore,2016,108000,First,11.36,2755,171.5,7.0,28.05,20.5,1,0,1,0,8
144,1072,Maruti Ertiga VDI,Pune,2016,130000,First,25.47,1248,88.5,7.0,11.27,7.0,1,0,0,1,8
145,1077,Maruti Vitara Brezza ZDi Plus,Kochi,2019,34688,First,24.3,1248,88.5,5.0,11.2,10.49,1,0,0,1,5
147,1094,Maruti Vitara Brezza VDi,Kolkata,2017,35000,First,24.3,1248,88.5,5.0,9.46,6.5,1,0,0,1,7
150,1103,Tata Hexa XT,Delhi,2017,55000,First,17.6,2179,153.86,7.0,19.86,12.0,1,0,0,1,7
151,1110,Tata Tiago 1.2 Revotron XZ,Coimbatore,2018,9565,First,23.84,1199,84.0,5.0,6.59,5.88,0,1,0,1,6
152,1113,Mercedes-Benz E-Class E 220 d,Kochi,2018,20446,First,12.6,1950,191.34,5.0,86.97,51.35,0,1,1,0,6
154,1139,Hyundai Grand i10 1.2 Kappa Magna,Delhi,2017,8471,First,18.9,1197,81.86,5.0,6.54,5.0,0,1,0,1,7
155,1140,Toyota Innova Crysta 2.8 ZX AT,Hyderabad,2016,69000,First,11.36,2755,171.5,7.0,26.56,19.75,1,0,1,0,8
156,1141,Renault Duster 110PS Diesel RxZ AMT,Coimbatore,2017,30090,First,19.6,1461,108.45,5.0,15.05,11.44,1,0,1,0,7
157,1146,Mahindra Bolero ZLX,Mumbai,2016,40448,First,15.96,2523,62.1,7.0,11.01,3.5,1,0,0,1,8
158,1147,Maruti Vitara Brezza ZDi,Coimbatore,2018,64456,First,24.3,1248,88.5,5.0,11.0,10.46,1,0,0,1,6
159,1149,Honda Amaze S Petrol,Kochi,2016,51672,First,19.5,1199,88.76,5.0,7.55,5.68,0,1,0,1,8
160,1157,Hyundai Grand i10 1.2 Kappa Asta,Hyderabad,2017,20000,First,18.9,1197,81.86,5.0,7.82,5.98,0,1,0,1,7
161,1159,Hyundai Grand i10 1.2 Kappa Magna,Kochi,2018,50234,First,18.9,1197,81.86,5.0,6.32,4.77,0,1,0,1,6
166,1197,Toyota Innova Crysta 2.4 VX MT,Hyderabad,2017,24393,First,13.68,2393,147.8,7.0,22.87,20.4,1,0,0,1,7
167,1198,Volkswagen Polo 1.0 MPI Trendline,Hyderabad,2019,1000,First,18.78,999,75.0,5.0,6.74,5.68,0,1,0,1,5
169,1226,Toyota Corolla Altis 1.8 VL CVT,Delhi,2017,21000,First,14.28,1798,138.03,5.0,23.25,18.0,0,1,1,0,7
171,1242,Jaguar XE 2.0L Diesel Prestige,Delhi,2018,1000,First,13.6,1999,177.0,5.0,52.77,40.0,1,0,1,0,6
172,1243,Mahindra Xylo D4,Chennai,2016,85000,First,14.95,2489,93.7,7.0,11.67,6.15,1,0,0,1,8
173,1247,Maruti Swift VDI,Kochi,2017,34613,First,28.4,1248,74.0,5.0,7.92,6.24,1,0,0,1,7
175,1270,Honda City i-VTEC CVT VX,Kochi,2018,22974,First,18.0,1497,117.3,5.0,15.55,11.97,0,1,1,0,6
180,1305,BMW X1 M Sport sDrive 20d,Mumbai,2016,31000,First,17.05,1995,190.0,5.0,50.97,29.5,1,0,1,0,8
184,1324,Maruti Ignis 1.2 Delta,Coimbatore,2019,16862,First,20.89,1197,81.8,5.0,6.07,6.06,0,1,0,1,5
185,1336,Audi Q7 45 TDI Quattro Technology,Mumbai,2016,20002,First,14.75,2967,245.0,7.0,1.04,67.0,1,0,1,0,8
186,1362,Maruti Alto K10 VXI,Kolkata,2018,2100,First,24.07,998,67.1,5.0,4.33,3.6,0,1,0,1,6
187,1363,Hyundai Grand i10 1.2 Kappa Sportz AT,Coimbatore,2018,20667,First,18.9,1197,81.86,5.0,8.63,7.55,0,1,1,0,6
188,1368,Hyundai Grand i10 1.2 Kappa Sportz,Kochi,2019,18453,First,18.9,1197,81.86,5.0,6.68,6.17,0,1,0,1,5
190,1381,Renault Duster 110PS Diesel RxZ AMT,Bangalore,2016,45000,First,19.6,1461,108.45,5.0,15.05,11.5,1,0,1,0,8
191,1393,Hyundai Grand i10 1.2 Kappa Magna AT,Bangalore,2018,3000,First,18.9,1197,81.86,5.0,7.98,6.2,0,1,1,0,6
192,1407,Toyota Innova Crysta 2.8 ZX AT,Kolkata,2016,66618,First,11.36,2755,171.5,7.0,24.82,15.49,1,0,1,0,8
193,1412,Tata Zest Revotron 1.2T XM,Mumbai,2016,43706,First,17.57,1193,88.7,5.0,7.63,4.0,0,1,0,1,8
194,1427,Toyota Innova Crysta 2.4 VX MT,Kochi,2018,8899,First,13.68,2393,147.8,7.0,22.86,19.92,1,0,0,1,6
195,1437,Ford EcoSport 1.5 Petrol Titanium,Pune,2018,17000,First,17.0,1497,121.36,5.0,11.06,9.2,0,1,0,1,6
196,1443,Maruti Alto K10 VXI,Hyderabad,2016,10000,First,24.07,998,67.1,5.0,4.53,3.5,0,1,0,1,8
198,1472,Hyundai Elantra 2.0 SX Option AT,Delhi,2017,9500,First,14.62,1999,149.92,5.0,21.77,16.35,0,1,1,0,7
199,1490,Hyundai Creta 1.6 SX Automatic Diesel,Chennai,2016,55000,First,17.6,1582,126.2,5.0,18.35,12.5,1,0,1,0,8
200,1494,Volkswagen Ameo 1.5 TDI Comfortline,Jaipur,2016,58095,First,21.66,1498,108.62,5.0,9.19,5.8,1,0,0,1,8
202,1497,Toyota Corolla Altis 1.8 VL CVT,Kochi,2018,28321,First,14.28,1798,138.03,5.0,23.25,17.49,0,1,1,0,6
203,1505,Land Rover Range Rover Sport SE,Kochi,2019,26013,First,12.65,2993,255.0,5.0,1.39,97.07,1,0,1,0,5
204,1519,Maruti Dzire AMT ZDI Plus,Hyderabad,2017,28226,First,28.4,1248,73.75,5.0,11.52,9.15,1,0,1,0,7
205,1525,Ford EcoSport 1.5 Diesel Titanium Plus,Chennai,2016,29200,First,23.0,1498,98.96,5.0,13.23,7.7,1,0,0,1,8
206,1529,Tata Zest Quadrajet 1.3 XT,Coimbatore,2018,38310,First,20.65,1248,88.7,5.0,10.06,6.69,1,0,0,1,6
207,1531,Skoda Rapid 1.5 TDI AT Style,Kolkata,2017,31300,First,21.72,1498,108.4,5.0,15.34,10.5,1,0,1,0,7
208,1532,Toyota Innova Crysta 2.4 VX MT 8S,Coimbatore,2019,11241,First,13.68,2393,147.8,8.0,24.01,22.55,1,0,0,1,5
209,1542,Mahindra Thar CRDe,Jaipur,2016,19000,First,16.55,2498,105.0,6.0,11.39,9.25,1,0,0,1,8
210,1544,Ford Aspire Titanium Diesel,Coimbatore,2017,30279,First,26.1,1498,99.0,5.0,9.79,7.29,1,0,0,1,7
211,1545,Mini Cooper 3 DOOR D,Mumbai,2016,20000,First,20.7,1496,113.98,4.0,35.0,23.5,1,0,1,0,8
213,1558,Volkswagen Ameo 1.2 MPI Highline,Coimbatore,2017,22389,First,17.0,1198,73.75,5.0,8.68,7.23,0,1,0,1,7
214,1568,Land Rover Discovery Sport TD4 HSE 7S,Mumbai,2017,40000,First,12.81,1999,148.31,7.0,66.39,41.5,1,0,1,0,7
215,1574,Volkswagen Tiguan 2.0 TDI Highline,Jaipur,2017,50510,First,17.06,1968,141.0,5.0,36.45,24.9,1,0,1,0,7
216,1583,Audi Q7 45 TDI Quattro Premium Plus,Kochi,2019,6773,First,14.75,2967,245.0,7.0,91.38,72.94,1,0,1,0,5
218,1631,BMW X1 M Sport sDrive 20d,Kochi,2017,32838,First,17.05,1995,190.0,5.0,50.97,30.29,1,0,1,0,7
219,1652,Jaguar XE 2.0L Diesel Prestige,Hyderabad,2017,4000,First,13.6,1999,177.0,5.0,53.41,38.0,1,0,1,0,7
221,1677,Hyundai Grand i10 1.2 Kappa Magna,Delhi,2017,12248,First,18.9,1197,81.86,5.0,6.54,4.9,0,1,0,1,7
223,1689,BMW 5 Series 520d Luxury Line,Kochi,2018,32586,First,22.48,1995,190.0,5.0,67.87,37.3,1,0,1,0,6
224,1690,Mercedes-Benz GLE 350d,Coimbatore,2018,40129,First,11.57,2987,254.79,5.0,95.13,70.8,1,0,1,0,6
225,1692,Hyundai Grand i10 1.2 Kappa Sportz,Kochi,2018,10393,First,18.9,1197,81.86,5.0,6.62,6.03,0,1,0,1,6
226,1704,Honda Amaze V CVT Petrol,Pune,2018,1700,First,19.0,1199,88.76,5.0,9.44,7.8,0,1,1,0,6
227,1708,Audi Q3 35 TDI Quattro Premium Plus,Coimbatore,2016,58661,First,15.17,1968,181.0,5.0,48.64,28.03,1,0,1,0,8
229,1725,Maruti Ciaz Zeta,Mumbai,2017,5500,First,21.56,1462,103.25,5.0,11.11,8.2,0,1,0,1,7
231,1747,Maruti Eeco 7 Seater Standard,Coimbatore,2017,28371,First,15.1,1196,73.0,7.0,4.98,4.74,0,1,0,1,7
232,1754,Renault KWID Climber 1.0 MT,Delhi,2017,15000,First,21.7,999,67.0,5.0,4.98,4.25,0,1,0,1,7
233,1773,Honda WRV i-VTEC VX,Kochi,2018,15135,First,17.5,1199,88.7,5.0,10.57,9.29,0,1,0,1,6
234,1783,Maruti Wagon R VXI AMT,Coimbatore,2017,37832,First,22.5,998,67.0,5.0,6.33,5.23,0,1,1,0,7
235,1784,Hyundai Grand i10 1.2 Kappa Asta,Coimbatore,2016,43041,First,18.9,1197,81.86,5.0,8.1,6.01,0,1,0,1,8
236,1793,Hyundai Grand i10 1.2 Kappa Magna,Kolkata,2017,31184,First,18.9,1197,81.86,5.0,6.4,5.0,0,1,0,1,7
237,1794,Maruti Dzire AMT ZDI Plus,Pune,2017,41747,First,28.4,1248,73.75,5.0,11.26,9.0,1,0,1,0,7
238,1797,Toyota Etios Liva 1.2 VX Dual Tone,Coimbatore,2019,20877,First,18.16,1197,78.9,5.0,7.59,7.27,0,1,0,1,5
239,1798,Maruti Swift VXI,Mumbai,2016,23555,First,22.0,1197,81.8,5.0,7.0,5.1,0,1,0,1,8
240,1803,Volkswagen Polo GT TSI,Mumbai,2016,28000,First,17.21,1197,103.5,5.0,11.26,7.25,0,1,1,0,8
241,1805,Tata Bolt Quadrajet XE,Hyderabad,2017,40000,First,22.95,1248,74.0,5.0,7.43,5.25,1,0,0,1,7
243,1824,Jeep Compass 2.0 Limited Option Black,Mumbai,2017,7000,First,17.1,1956,170.0,5.0,24.02,17.45,1,0,0,1,7
245,1830,Mercedes-Benz GLE 350d,Coimbatore,2017,33552,First,11.57,2987,254.79,5.0,95.13,64.87,1,0,1,0,7
246,1841,Mercedes-Benz A Class A180 Sport,Mumbai,2016,17000,First,15.5,1595,122.0,5.0,34.63,17.25,0,1,1,0,8
247,1842,Hyundai Grand i10 1.2 Kappa Magna,Kochi,2018,46493,First,18.9,1197,81.86,5.0,6.32,5.53,0,1,0,1,6
250,1877,Toyota Innova Crysta 2.8 GX AT,Kochi,2019,10601,First,11.36,2755,171.5,7.0,20.74,19.65,1,0,1,0,5
251,1885,Mercedes-Benz GLS 350d Grand Edition,Delhi,2018,6000,First,11.0,2987,258.0,7.0,1.02,79.0,1,0,1,0,6
252,1886,Hyundai Grand i10 1.2 Kappa Sportz,Delhi,2018,9434,First,18.9,1197,81.86,5.0,6.71,5.75,0,1,0,1,6
253,1896,Volkswagen Ameo 1.2 MPI Highline,Coimbatore,2018,35569,First,17.0,1198,73.75,5.0,8.68,7.27,0,1,0,1,6
254,1902,Toyota Fortuner 2.8 2WD AT,Ahmedabad,2017,15000,First,12.9,2755,174.5,7.0,34.45,30.0,1,0,1,0,7
255,1920,Maruti Dzire VDI,Delhi,2016,45376,First,28.4,1248,73.75,5.0,8.58,5.75,1,0,0,1,8
256,1923,Ford EcoSport 1.5 Diesel Titanium Plus,Kochi,2017,78526,First,23.0,1498,98.96,5.0,12.67,8.09,1,0,0,1,7
258,1932,Ford EcoSport 1.5 Diesel Titanium,Mumbai,2017,26000,First,23.0,1498,98.96,5.0,11.89,8.99,1,0,0,1,7
259,1934,Maruti Dzire ZDI Plus,Jaipur,2017,24000,First,28.4,1248,73.75,5.0,10.48,8.2,1,0,0,1,7
261,1961,Maruti Vitara Brezza ZDi,Hyderabad,2016,41372,First,24.3,1248,88.5,5.0,11.02,9.3,1,0,0,1,8
262,1963,Mercedes-Benz GLA Class 200 d Sport,Pune,2017,35000,First,17.9,2143,136.0,5.0,41.94,23.5,1,0,1,0,7
264,1991,Jeep Compass 2.0 Longitude,Kochi,2018,28937,First,17.1,1956,170.0,5.0,21.38,17.02,1,0,0,1,6
266,1995,Maruti Vitara Brezza ZDi Plus AMT Dual Tone,Chennai,2018,3000,First,24.3,1248,88.5,5.0,12.88,11.25,1,0,1,0,6
268,2003,BMW X1 sDrive 20d xLine,Bangalore,2016,28143,First,20.68,1995,190.0,5.0,48.18,28.5,1,0,1,0,8
269,2008,Toyota Innova Crysta 2.4 VX MT,Hyderabad,2017,67000,First,13.68,2393,147.8,7.0,22.87,16.5,1,0,0,1,7
270,2013,Hyundai Grand i10 1.2 Kappa Magna AT,Kochi,2018,5354,First,18.9,1197,81.86,5.0,7.37,6.76,0,1,1,0,6
271,2014,Volkswagen Polo 1.0 MPI Comfortline,Chennai,2016,42000,Second,18.78,999,75.0,5.0,7.33,5.5,0,1,0,1,8
273,2030,Toyota Innova Crysta 2.4 VX MT,Mumbai,2016,25121,First,13.68,2393,147.8,7.0,23.06,17.11,1,0,0,1,8
275,2054,Maruti Ignis 1.2 Alpha,Mumbai,2017,1000,First,20.89,1197,81.8,5.0,7.87,6.36,0,1,0,1,7
277,2061,Jeep Compass 2.0 Longitude,Coimbatore,2018,33218,First,17.1,1956,170.0,5.0,22.46,19.05,1,0,0,1,6
278,2073,Mini Cooper 5 DOOR D,Hyderabad,2017,2000,First,20.7,1496,113.98,5.0,42.48,34.0,1,0,1,0,7
281,2086,Hyundai Grand i10 1.2 Kappa Asta,Coimbatore,2016,37429,First,18.9,1197,81.86,5.0,8.1,5.89,0,1,0,1,8
283,2090,Maruti Celerio VXI AMT,Mumbai,2016,47691,First,23.1,998,67.04,5.0,6.08,3.94,0,1,1,0,8
285,2095,Mercedes-Benz SLC 43 AMG,Coimbatore,2019,2526,First,19.0,2996,362.07,2.0,1.06,83.96,0,1,1,0,5
288,2111,Mercedes-Benz GLE 250d,Kochi,2017,25601,First,17.9,2143,201.15,5.0,78.76,56.73,1,0,1,0,7
290,2120,Hyundai Elite i20 Asta Option,Coimbatore,2017,59450,First,18.6,1197,81.86,5.0,9.78,7.53,0,1,0,1,7
291,2127,Maruti Baleno Delta,Mumbai,2016,12573,First,21.4,1197,83.1,5.0,7.36,5.8,0,1,0,1,8
292,2134,Toyota Fortuner 2.8 2WD AT,Pune,2017,29000,First,12.9,2755,174.5,7.0,38.11,31.0,1,0,1,0,7
295,2157,Hyundai Creta 1.6 SX Option,Delhi,2016,24347,First,15.8,1591,121.3,5.0,16.06,11.0,0,1,0,1,8
296,2160,Honda City i-VTEC CVT VX,Mumbai,2017,17000,First,18.0,1497,117.3,5.0,15.29,11.6,0,1,1,0,7
298,2178,Land Rover Discovery HSE Luxury 3.0 TD6,Mumbai,2017,35000,First,18.0,2993,255.0,7.0,1.27,41.6,1,0,1,0,7
300,2185,Maruti Vitara Brezza ZDi Plus,Ahmedabad,2017,80000,First,24.3,1248,88.5,5.0,10.91,8.0,1,0,0,1,7
301,2187,Hyundai Tucson 2.0 Dual VTVT 2WD AT GL,Mumbai,2016,13000,First,12.95,1999,152.88,5.0,25.75,17.75,0,1,1,0,8
302,2195,Maruti Wagon R VXI,Kolkata,2016,16956,First,22.5,998,67.04,5.0,5.29,3.6,0,1,0,1,8
304,2220,Honda Brio 1.2 VX AT,Mumbai,2017,20000,First,16.5,1198,86.8,5.0,8.05,5.99,0,1,1,0,7
305,2224,Toyota Etios Cross 1.4L GD,Kochi,2016,36681,First,23.59,1364,67.06,5.0,8.82,6.71,1,0,0,1,8
306,2229,Honda City i-VTEC CVT ZX,Coimbatore,2018,20300,First,18.0,1497,117.3,5.0,17.38,14.21,0,1,1,0,6
307,2231,Maruti Celerio ZXI MT,Kochi,2017,21799,First,23.1,998,67.04,5.0,5.69,5.11,0,1,0,1,7
308,2233,Toyota Innova Crysta 2.8 ZX AT,Hyderabad,2017,35358,First,11.36,2755,171.5,7.0,26.56,22.99,1,0,1,0,7
309,2239,Tata Tiago 1.2 Revotron XT,Jaipur,2016,42700,First,23.84,1199,84.0,5.0,5.61,3.6,0,1,0,1,8
312,2251,Honda City i-DTEC ZX,Hyderabad,2017,46000,First,25.6,1498,98.6,5.0,16.95,12.9,1,0,0,1,7
314,2275,Ford EcoSport 1.5 Diesel Titanium,Delhi,2017,39000,First,23.0,1498,98.96,5.0,11.47,8.45,1,0,0,1,7
316,2290,Maruti Swift VDI,Kochi,2016,62192,First,28.4,1248,74.0,5.0,7.88,5.22,1,0,0,1,8
317,2292,Maruti Ciaz Alpha,Kochi,2018,38394,First,21.56,1462,103.25,5.0,11.37,9.18,0,1,0,1,6
318,2309,Hyundai Elantra 2.0 SX Option AT,Delhi,2016,28000,First,14.62,1999,149.92,5.0,21.77,13.9,0,1,1,0,8
320,2319,Mercedes-Benz E-Class E 350 d,Coimbatore,2019,9312,First,18.0,2987,258.0,5.0,92.5,78.8,1,0,1,0,5
323,2334,Toyota Fortuner 2.8 2WD AT,Ahmedabad,2016,88008,Second,12.9,2755,174.5,7.0,34.45,22.5,1,0,1,0,8
324,2341,Mercedes-Benz GLA Class 200 d Sport,Mumbai,2018,10000,First,17.9,2143,136.0,5.0,41.94,28.9,1,0,1,0,6
327,2380,Skoda Rapid 1.6 MPI AT Ambition,Mumbai,2017,32000,First,14.84,1598,103.52,5.0,13.7,8.11,0,1,1,0,7
328,2387,Maruti Ertiga VDI,Delhi,2017,65000,First,25.47,1248,88.5,7.0,11.16,7.65,1,0,0,1,7
329,2397,Ford EcoSport 1.5 Petrol Trend,Kolkata,2016,21460,First,17.0,1497,121.36,5.0,9.47,6.0,0,1,0,1,8
331,2410,Maruti Vitara Brezza ZDi Plus,Jaipur,2017,48324,First,24.3,1248,88.5,5.0,11.47,9.0,1,0,0,1,7
332,2413,Hyundai Grand i10 1.2 CRDi Sportz,Kochi,2017,20773,First,24.0,1186,73.97,5.0,8.17,5.92,1,0,0,1,7
333,2414,Volkswagen Polo 1.5 TDI Highline,Kolkata,2016,22000,First,20.14,1498,88.0,5.0,9.58,6.29,1,0,0,1,8
339,2446,Mercedes-Benz GLC 220d 4MATIC Sport,Mumbai,2017,25000,First,17.9,2143,170.0,5.0,64.14,45.0,1,0,1,0,7
342,2454,Hyundai Creta 1.6 SX Option,Mumbai,2016,29477,First,15.8,1591,121.3,5.0,16.36,10.25,0,1,0,1,8
343,2455,Toyota Fortuner 2.8 2WD AT,Delhi,2017,40000,First,12.9,2755,174.5,7.0,37.38,30.0,1,0,1,0,7
344,2459,Ford EcoSport 1.5 Diesel Titanium,Mumbai,2017,30000,First,23.0,1498,98.96,5.0,11.89,8.99,1,0,0,1,7
345,2464,Tata Zest Revotron 1.2T XE,Delhi,2017,47000,Second,17.57,1193,88.7,5.0,6.62,4.5,0,1,0,1,7
346,2485,Maruti Vitara Brezza ZDi Plus Dual Tone,Kochi,2017,45362,First,24.3,1248,88.5,5.0,11.75,9.38,1,0,0,1,7
347,2488,Tata Hexa XTA,Coimbatore,2019,14233,First,17.6,2179,153.86,7.0,22.74,17.85,1,0,1,0,5
349,2496,Volkswagen Vento 1.5 TDI Highline AT,Mumbai,2016,25500,First,21.5,1498,108.5,5.0,15.86,8.95,1,0,1,0,8
350,2509,Mercedes-Benz E-Class E 220 d,Mumbai,2018,11000,First,16.1,1950,194.0,5.0,70.55,56.5,1,0,1,0,6
352,2528,Land Rover Discovery SE 3.0 TD6,Delhi,2016,59000,First,18.0,2993,255.0,7.0,1.13,36.75,1,0,1,0,8
353,2533,Mercedes-Benz CLA 200 CDI Sport,Coimbatore,2017,20969,First,17.9,2143,136.0,5.0,45.36,27.87,1,0,1,0,7
354,2534,Maruti Vitara Brezza ZDi,Kolkata,2018,2900,First,24.3,1248,88.5,5.0,10.13,8.75,1,0,0,1,6
355,2536,Skoda Rapid 1.5 TDI Ambition,Coimbatore,2018,5833,First,21.13,1498,108.4,5.0,14.22,11.92,1,0,0,1,6
356,2545,Mahindra NuvoSport N8,Coimbatore,2017,37712,First,17.45,1493,100.0,7.0,11.77,7.57,1,0,0,1,7
357,2558,Datsun redi-GO T Option,Kochi,2018,30953,First,22.7,799,53.64,5.0,4.05,3.48,0,1,0,1,6
358,2563,Jeep Compass 2.0 Limited 4X4,Coimbatore,2018,48188,First,16.3,1956,170.0,5.0,26.95,21.69,1,0,0,1,6
359,2569,Toyota Innova Crysta 2.8 ZX AT,Coimbatore,2017,65367,First,11.36,2755,171.5,7.0,28.05,20.14,1,0,1,0,7
360,2589,Maruti Wagon R VXI AMT,Mumbai,2016,8000,First,22.5,998,67.0,5.0,6.14,4.15,0,1,1,0,8
361,2592,Maruti Alto K10 VXI,Mumbai,2016,13198,First,24.07,998,67.1,5.0,4.82,3.15,0,1,0,1,8
362,2595,Tata Tiago AMT 1.2 Revotron XZA,Coimbatore,2019,15379,First,23.84,1199,83.83,5.0,7.17,6.97,0,1,1,0,5
363,2604,Mini Cooper Convertible S,Mumbai,2016,15000,First,16.82,1998,189.08,4.0,44.28,35.0,0,1,1,0,8
364,2607,Hyundai Verna CRDi 1.6 SX Option,Pune,2017,50000,First,22.0,1582,126.2,5.0,15.72,11.5,1,0,0,1,7
365,2622,Renault Duster 85PS Diesel RxE,Pune,2016,54000,First,19.87,1461,83.8,5.0,11.27,6.5,1,0,0,1,8
366,2648,Honda BRV i-VTEC V MT,Pune,2016,9200,First,15.4,1497,117.3,7.0,13.58,8.0,0,1,0,1,8
368,2665,Maruti Alto K10 VXI,Kochi,2018,46805,First,24.07,998,67.1,5.0,4.09,3.63,0,1,0,1,6
369,2667,Tata Zest Revotron 1.2T XE,Mumbai,2017,100000,First,17.57,1193,88.7,5.0,6.83,4.25,0,1,0,1,7
375,2702,Maruti Vitara Brezza ZDi Plus Dual Tone,Coimbatore,2017,25299,First,24.3,1248,88.5,5.0,12.56,10.34,1,0,0,1,7
376,2709,Honda Amaze V Petrol,Kochi,2016,40866,First,19.5,1199,86.76,5.0,8.16,5.47,0,1,0,1,8
377,2711,Mini Cooper Convertible S,Kochi,2017,20469,First,16.82,1998,189.08,4.0,44.28,35.98,0,1,1,0,7
378,2722,Volkswagen Ameo 1.5 TDI Highline,Kochi,2018,31426,First,21.66,1498,108.62,5.0,9.72,7.9,1,0,0,1,6
379,2728,Maruti Baleno Alpha CVT,Kochi,2019,13574,First,21.4,1197,83.1,5.0,10.3,9.51,0,1,1,0,5
381,2745,Maruti Vitara Brezza ZDi Plus,Kochi,2017,38426,First,24.3,1248,88.5,5.0,11.12,9.13,1,0,0,1,7
384,2763,Toyota Innova Crysta 2.4 VX MT 8S,Coimbatore,2017,72202,First,13.68,2393,147.8,8.0,24.01,17.92,1,0,0,1,7
385,2767,Mercedes-Benz GLE 350d,Coimbatore,2018,30706,First,11.57,2987,254.79,5.0,95.13,59.29,1,0,1,0,6
386,2770,Maruti Baleno Alpha,Mumbai,2016,12208,First,21.4,1197,83.1,5.0,8.78,6.75,0,1,0,1,8
387,2774,Volkswagen Polo GT TSI,Mumbai,2017,27853,First,17.21,1197,103.5,5.0,11.26,8.25,0,1,1,0,7
388,2788,Hyundai Grand i10 1.2 Kappa Sportz,Kochi,2018,20689,First,18.9,1197,81.86,5.0,6.68,6.07,0,1,0,1,6
389,2801,Renault KWID 1.0 RXT Optional AMT,Coimbatore,2017,53285,First,22.5,999,67.0,5.0,5.42,4.28,0,1,1,0,7
390,2808,Mercedes-Benz GLE 350d,Mumbai,2017,19863,First,11.57,2987,254.79,5.0,91.23,64.95,1,0,1,0,7
391,2812,Hyundai Grand i10 1.2 Kappa Sportz,Mumbai,2018,3958,First,18.9,1197,81.86,5.0,7.14,5.55,0,1,0,1,6
393,2851,Renault KWID 1.0 RXT Optional,Kochi,2018,18335,First,21.7,999,67.0,5.0,4.61,4.5,0,1,0,1,6
394,2853,Volkswagen Polo GT TSI,Mumbai,2017,25000,First,17.21,1197,103.5,5.0,11.26,7.75,0,1,1,0,7
395,2855,Toyota Fortuner 2.8 2WD AT,Kochi,2019,21719,First,12.9,2755,174.5,7.0,37.38,33.13,1,0,1,0,5
396,2859,Renault KWID Climber 1.0 MT,Hyderabad,2018,4126,First,21.7,999,67.0,5.0,5.3,4.8,0,1,0,1,6
397,2860,Tata Bolt Quadrajet XM,Hyderabad,2017,98500,First,22.95,1248,74.0,5.0,7.97,6.0,1,0,0,1,7
400,2878,Volkswagen Vento 1.5 TDI Highline AT,Kochi,2017,33550,First,21.5,1498,108.5,5.0,15.86,9.6,1,0,1,0,7
402,2890,Ford EcoSport 1.5 Petrol Titanium Plus AT,Coimbatore,2018,27852,First,14.8,1497,121.36,5.0,14.1,10.44,0,1,1,0,6
403,2894,Tata Nexon 1.5 Revotorq XZ Plus Dual Tone,Mumbai,2018,14000,First,21.5,1497,108.5,5.0,12.22,9.9,1,0,0,1,6
404,2900,Isuzu MUX 4WD,Jaipur,2017,34429,First,13.8,2999,174.57,7.0,33.68,20.0,1,0,1,0,7
406,2915,Hyundai Grand i10 1.2 Kappa Sportz,Jaipur,2018,10000,First,18.9,1197,81.86,5.0,6.96,5.85,0,1,0,1,6
407,2916,Jeep Compass 2.0 Limited 4X4,Coimbatore,2019,6261,First,16.3,1956,170.0,5.0,26.95,23.91,1,0,0,1,5
408,2917,Maruti Ignis 1.2 AMT Alpha,Coimbatore,2019,3906,First,20.89,1197,81.8,5.0,7.96,7.36,0,1,1,0,5
409,2920,Toyota Innova Crysta 2.4 VX MT,Mumbai,2017,38000,First,13.68,2393,147.8,7.0,23.06,17.65,1,0,0,1,7
411,2937,Toyota Innova Crysta 2.8 GX AT 8S,Delhi,2017,18000,First,11.36,2755,171.5,8.0,20.8,18.25,1,0,1,0,7
412,2957,Nissan Micra Active XV,Ahmedabad,2016,41000,First,19.69,1198,67.04,5.0,6.78,4.25,0,1,0,1,8
413,2959,Jeep Compass 2.0 Sport,Hyderabad,2017,37000,First,17.1,1956,170.0,5.0,19.91,16.9,1,0,0,1,7
414,2970,Tata Zest Quadrajet 1.3 75PS XM,Pune,2017,72000,First,22.95,1248,74.0,5.0,8.93,5.0,1,0,0,1,7
417,2990,Maruti Ertiga VDI,Mumbai,2018,14000,First,25.47,1248,88.5,7.0,11.66,9.25,1,0,0,1,6
418,2994,Mahindra KUV 100 G80 K6 Plus 5Str,Kolkata,2017,43000,First,18.15,1198,82.0,5.0,7.35,4.5,0,1,0,1,7
420,3006,Jeep Compass 2.0 Limited,Pune,2018,16039,First,17.1,1956,170.0,5.0,23.89,18.5,1,0,0,1,6
421,3012,Maruti Swift LDI,Hyderabad,2016,52000,First,28.4,1248,74.0,5.0,7.27,5.95,1,0,0,1,8
423,3052,Hyundai Xcent 1.2 CRDi S,Mumbai,2016,50000,First,25.4,1186,73.97,5.0,8.84,3.5,1,0,0,1,8
424,3059,BMW 3 Series 320d Luxury Line,Delhi,2019,87000,First,22.69,1995,190.0,5.0,52.46,6.67,1,0,1,0,5
425,3067,Mahindra Xylo H4,Coimbatore,2016,93166,Second,14.02,2179,118.3,7.0,11.67,5.85,1,0,0,1,8
426,3075,Toyota Corolla Altis 1.8 VL CVT,Kolkata,2018,5000,First,14.28,1798,138.03,5.0,22.37,16.95,0,1,1,0,6
428,3080,Renault KWID RXL,Kochi,2017,24214,Second,25.17,799,53.3,5.0,3.95,3.46,0,1,0,1,7
430,3127,Maruti Vitara Brezza ZDi Plus Dual Tone,Kochi,2017,35981,First,24.3,1248,88.5,5.0,11.29,9.51,1,0,0,1,7
431,3132,Porsche Cayenne Base,Kochi,2019,14298,First,13.33,2995,340.0,5.0,1.36,2.02,0,1,1,0,5
433,3156,Hyundai Grand i10 1.2 Kappa Magna AT,Coimbatore,2019,12153,First,18.9,1197,81.86,5.0,7.98,6.84,0,1,1,0,5
434,3158,Audi A4 30 TFSI Premium Plus,Kochi,2017,61221,First,17.84,1395,147.51,5.0,47.16,21.73,0,1,1,0,7
435,3161,Mini Cooper 5 DOOR D,Kochi,2019,14857,First,20.7,1496,113.98,5.0,41.98,31.55,1,0,1,0,5
436,3163,Ford Endeavour Titanium 4X2,Coimbatore,2019,14648,First,12.62,2198,158.0,7.0,35.29,27.36,1,0,0,1,5
437,3168,Tata Zest Revotron 1.2T XM,Kochi,2017,48198,First,17.57,1193,88.7,5.0,7.63,4.65,0,1,0,1,7
440,3186,Hyundai Grand i10 1.2 Kappa Asta,Coimbatore,2017,62788,First,18.9,1197,81.86,5.0,8.1,6.08,0,1,0,1,7
441,3190,Toyota Innova Crysta 2.8 GX AT,Pune,2018,20300,First,11.36,2755,171.5,7.0,20.97,18.0,1,0,1,0,6
443,3198,Mahindra XUV500 W7,Delhi,2018,9000,First,14.0,2179,155.0,7.0,16.4,13.0,1,0,0,1,6
446,3217,Honda City i-VTEC CVT VX,Jaipur,2017,35000,First,18.0,1497,117.3,5.0,14.67,7.7,0,1,1,0,7
447,3219,Honda City i-VTEC V,Mumbai,2017,11000,First,17.4,1497,117.3,5.0,12.57,8.5,0,1,0,1,7
450,3244,Jeep Compass 2.0 Limited Option 4X4,Kolkata,2017,15050,First,16.3,1956,170.0,5.0,23.19,17.5,1,0,0,1,7
451,3254,Ford Freestyle Titanium Plus Petrol,Kolkata,2018,8896,First,19.0,1194,94.68,5.0,8.24,7.34,0,1,0,1,6
452,3256,Honda Jazz V,Mumbai,2016,31378,First,18.2,1199,88.7,5.0,8.71,5.9,0,1,0,1,8
453,3259,Audi Q3 30 TDI Premium FWD,Mumbai,2017,31000,First,18.51,1968,147.51,5.0,44.75,27.0,1,0,1,0,7
455,3268,Mercedes-Benz GLE 350d,Coimbatore,2018,29277,First,11.57,2987,254.79,5.0,95.13,59.65,1,0,1,0,6
456,3273,Maruti Baleno Delta CVT,Coimbatore,2018,34630,First,21.4,1197,83.1,5.0,8.57,7.29,0,1,1,0,6
457,3277,Mini Cooper 3 DOOR D,Kochi,2016,32298,First,20.7,1496,113.98,4.0,35.0,23.8,1,0,1,0,8
458,3300,Ford Aspire Ambiente Diesel,Kolkata,2018,17000,First,26.1,1498,99.0,5.0,7.56,5.65,1,0,0,1,6
459,3324,Mercedes-Benz CLA 200 CDI Sport,Kochi,2019,29836,First,17.9,2143,136.0,5.0,43.07,25.75,1,0,1,0,5
462,3373,Honda City i-VTEC VX,Mumbai,2017,7500,First,17.4,1497,117.3,5.0,13.76,11.15,0,1,0,1,7
463,3374,Renault Duster 110PS Diesel RxZ AMT,Jaipur,2016,68163,First,19.6,1461,108.45,5.0,14.11,8.9,1,0,1,0,8
464,3381,Maruti Vitara Brezza LDi,Kochi,2017,35384,First,24.3,1248,88.5,5.0,9.12,8.61,1,0,0,1,7
465,3383,Ford EcoSport 1.5 Diesel Titanium,Coimbatore,2018,32189,First,23.0,1498,98.96,5.0,11.2,9.25,1,0,0,1,6
467,3425,Maruti Vitara Brezza ZDi Plus,Coimbatore,2018,52380,First,24.3,1248,88.5,5.0,12.47,10.15,1,0,0,1,6
469,3448,Honda WRV i-VTEC VX,Ahmedabad,2017,32248,First,17.5,1199,88.7,5.0,10.32,8.25,0,1,0,1,7
472,3471,Volkswagen Vento 1.5 TDI Highline AT,Hyderabad,2016,45492,First,21.5,1498,108.5,5.0,15.68,10.3,1,0,1,0,8
475,3501,Toyota Corolla Altis 1.8 G,Bangalore,2016,16471,Second,14.28,1798,138.03,5.0,20.48,11.5,0,1,0,1,8
476,3514,Honda City i-VTEC CVT VX,Pune,2018,4500,First,18.0,1497,117.3,5.0,15.17,12.5,0,1,1,0,6
477,3518,Renault Duster 110PS Diesel RxZ AMT,Coimbatore,2017,42646,First,19.6,1461,108.45,5.0,15.05,12.46,1,0,1,0,7
481,3544,Jeep Compass 2.0 Limited Option 4X4,Jaipur,2017,45000,First,16.3,1956,170.0,5.0,25.54,20.0,1,0,0,1,7
482,3550,Honda City i-DTEC ZX,Pune,2017,42000,First,25.6,1498,98.6,5.0,16.84,12.0,1,0,0,1,7
483,3552,Hyundai Grand i10 1.2 CRDi Sportz,Chennai,2018,48000,First,24.0,1186,73.97,5.0,8.28,5.95,1,0,0,1,6
484,3555,Toyota Innova Crysta 2.4 VX MT,Coimbatore,2019,33598,First,13.68,2393,147.8,7.0,23.94,22.2,1,0,0,1,5
485,3567,Mercedes-Benz CLA 200 CDI Sport,Kochi,2019,13414,First,17.9,2143,136.0,5.0,43.07,30.77,1,0,1,0,5
486,3569,Mahindra KUV 100 G80 K8,Jaipur,2018,15900,First,18.15,1198,82.0,6.0,7.88,6.25,0,1,0,1,6
487,3572,Audi A6 35 TDI Matrix,Coimbatore,2017,36824,First,18.53,1968,187.74,5.0,69.37,39.84,1,0,1,0,7
488,3578,Maruti Baleno Zeta CVT,Kolkata,2016,20000,First,21.4,1197,83.1,5.0,9.04,5.74,0,1,1,0,8
489,3581,BMW 3 Series Luxury Line,Ahmedabad,2016,27000,First,21.76,1995,190.0,5.0,55.07,35.0,1,0,1,0,8
490,3582,Maruti Dzire AMT ZDI Plus,Chennai,2017,19000,First,28.4,1248,73.75,5.0,10.97,8.9,1,0,1,0,7
491,3584,Jeep Compass 2.0 Longitude,Kochi,2018,42203,First,17.1,1956,170.0,5.0,21.72,19.46,1,0,0,1,6
492,3587,Tata Nexon 1.5 Revotorq XZ Plus Dual Tone,Kolkata,2018,4900,First,21.5,1497,108.5,5.0,11.47,9.22,1,0,0,1,6
493,3603,Renault KWID RXT Optional,Pune,2018,5000,First,25.17,799,53.3,5.0,4.9,3.5,0,1,0,1,6
495,3648,Honda Jazz V CVT,Mumbai,2017,17978,First,19.0,1199,88.7,5.0,10.1,6.95,0,1,1,0,7
496,3651,Maruti S-Cross Alpha DDiS 200 SH,Kolkata,2016,45296,First,25.1,1248,88.5,5.0,12.53,6.99,1,0,0,1,8
497,3662,Tata Hexa XT,Pune,2017,39800,First,17.6,2179,153.86,7.0,20.87,14.25,1,0,0,1,7
498,3674,Maruti Eeco 7 Seater Standard,Coimbatore,2016,42225,First,15.1,1196,73.0,7.0,4.98,4.3,0,1,0,1,8
499,3682,Maruti Ignis 1.2 Delta,Kochi,2019,12076,First,20.89,1197,81.8,5.0,5.9,5.5,0,1,0,1,5
500,3687,Volkswagen Polo GT TSI,Coimbatore,2017,50534,First,17.21,1197,103.5,5.0,11.66,8.27,0,1,1,0,7
502,3705,Mercedes-Benz GLC 220d 4MATIC Style,Coimbatore,2019,29311,First,17.9,2143,170.0,5.0,64.57,50.97,1,0,1,0,5
503,3706,BMW 3 Series Luxury Line,Mumbai,2016,31000,First,21.76,1995,190.0,5.0,60.88,29.95,1,0,1,0,8
504,3719,Ford EcoSport 1.5 Petrol Titanium Plus AT,Pune,2017,14000,First,14.8,1497,121.36,5.0,13.23,9.99,0,1,1,0,7
505,3726,Maruti Vitara Brezza ZDi Plus Dual Tone,Ahmedabad,2017,33000,First,24.3,1248,88.5,5.0,11.06,9.25,1,0,0,1,7
507,3732,Maruti Celerio ZXI AMT,Coimbatore,2017,35225,First,23.1,998,67.04,5.0,6.56,5.25,0,1,1,0,7
509,3738,Hyundai Grand i10 1.2 Kappa Sportz,Coimbatore,2016,29091,First,18.9,1197,81.86,5.0,6.82,4.87,0,1,0,1,8
510,3745,Maruti Vitara Brezza ZDi Plus Dual Tone,Coimbatore,2017,26927,First,24.3,1248,88.5,5.0,12.56,11.39,1,0,0,1,7
511,3747,Maruti Vitara Brezza ZDi,Delhi,2016,35299,First,24.3,1248,88.5,5.0,10.14,8.0,1,0,0,1,8
513,3759,Maruti Alto K10 VXI,Mumbai,2017,12000,First,24.07,998,67.1,5.0,4.82,3.25,0,1,0,1,7
514,3774,Maruti Ciaz Zeta,Kochi,2018,10575,First,21.56,1462,103.25,5.0,11.11,9.18,0,1,0,1,6
516,3784,Toyota Innova Crysta 2.8 ZX AT,Kochi,2017,26023,First,11.36,2755,171.5,7.0,26.55,19.97,1,0,1,0,7
518,3793,Tata Zest Quadrajet 1.3 XT,Bangalore,2017,27768,First,20.65,1248,88.7,5.0,10.06,5.85,1,0,0,1,7
520,3836,Audi A6 35 TFSI Matrix,Delhi,2018,22000,First,15.26,1798,187.74,5.0,56.97,41.5,0,1,1,0,6
521,3838,Maruti Vitara Brezza ZDi Plus Dual Tone,Coimbatore,2018,28741,First,24.3,1248,88.5,5.0,12.56,11.0,1,0,0,1,6
522,3841,Hyundai Verna VTVT 1.6 SX,Kolkata,2018,5000,First,17.0,1591,121.3,5.0,11.19,8.7,0,1,0,1,6
523,3842,Maruti Ertiga ZDI Plus,Hyderabad,2016,42000,First,25.47,1248,88.5,7.0,13.33,9.9,1,0,0,1,8
527,3907,Toyota Innova Crysta 2.8 GX AT 8S,Chennai,2016,40000,First,11.36,2755,171.5,8.0,21.1,16.45,1,0,1,0,8
528,3910,Maruti Baleno Alpha Diesel,Mumbai,2018,2000,First,27.39,1248,74.0,5.0,10.28,8.7,1,0,0,1,6
529,3911,Skoda Superb Style 1.8 TSI AT,Mumbai,2016,14500,First,14.67,1798,177.46,5.0,33.36,20.75,0,1,1,0,8
530,3927,Maruti Ciaz Alpha,Mumbai,2017,19416,First,21.56,1462,103.25,5.0,11.56,8.25,0,1,0,1,7
531,3935,Toyota Innova Crysta 2.8 ZX AT,Pune,2016,50296,Second,11.36,2755,171.5,7.0,27.07,19.0,1,0,1,0,8
532,3943,Jeep Compass 2.0 Longitude,Kochi,2018,26101,First,17.1,1956,170.0,5.0,21.38,17.55,1,0,0,1,6
533,3944,Maruti Alto K10 LXI Optional,Pune,2016,7000,First,24.07,998,67.1,5.0,4.36,3.0,0,1,0,1,8
534,3953,Honda Jazz Exclusive CVT,Mumbai,2018,3000,First,19.0,1199,88.7,5.0,10.81,8.25,0,1,1,0,6
537,4026,Maruti Alto K10 VXI,Jaipur,2016,51264,First,24.07,998,67.1,5.0,4.24,3.2,0,1,0,1,8
538,4028,Mercedes-Benz CLA 200 CGI Sport,Delhi,2016,40000,First,15.04,1991,183.0,5.0,41.02,24.5,0,1,1,0,8
539,4034,Hyundai Creta 1.6 SX Automatic Diesel,Kolkata,2018,14000,First,17.6,1582,126.2,5.0,17.0,11.25,1,0,1,0,6
542,4079,Land Rover Range Rover 3.0 Diesel LWB Vogue,Hyderabad,2017,25000,First,13.33,2993,255.0,5.0,2.3,160.0,1,0,1,0,7
543,4083,Maruti Baleno RS Petrol,Coimbatore,2018,26731,First,21.1,998,100.0,5.0,10.89,8.61,0,1,0,1,6
544,4096,Toyota Camry Hybrid 2.5,Coimbatore,2017,23249,First,19.16,2487,175.67,5.0,40.62,26.11,0,1,1,0,7
545,4099,Hyundai Grand i10 1.2 Kappa Asta,Delhi,2018,10000,First,18.9,1197,81.86,5.0,7.54,6.5,0,1,0,1,6
546,4104,Skoda Superb Style 1.8 TSI AT,Coimbatore,2016,54253,First,14.67,1798,177.46,5.0,30.19,16.81,0,1,1,0,8
548,4125,Datsun redi-GO S,Chennai,2016,26239,First,22.7,799,53.0,5.0,4.43,2.75,0,1,0,1,8
549,4131,Toyota Fortuner 2.8 2WD MT,Coimbatore,2019,56251,First,14.24,2755,174.5,7.0,37.17,35.82,1,0,0,1,5
550,4134,Honda BR-V i-VTEC S MT,Bangalore,2016,34004,First,15.4,1497,117.3,7.0,12.9,8.02,0,1,0,1,8
551,4147,Maruti Dzire VDI,Kochi,2017,54758,First,28.4,1248,73.75,5.0,8.58,6.67,1,0,0,1,7
552,4163,Toyota Innova Crysta 2.8 ZX AT,Bangalore,2017,53841,First,11.36,2755,171.5,7.0,28.05,20.5,1,0,1,0,7
553,4164,Hyundai Creta 1.6 SX Option,Kochi,2017,47183,Second,15.8,1591,121.3,5.0,15.86,11.31,0,1,0,1,7
554,4169,Datsun redi-GO T Option,Kochi,2018,6279,First,22.7,799,53.64,5.0,4.05,3.6,0,1,0,1,6
555,4180,Hyundai Creta 1.6 SX Option Diesel,Coimbatore,2017,101065,First,20.5,1582,126.2,5.0,19.18,11.45,1,0,0,1,7
556,4181,Maruti Baleno Delta,Kochi,2017,15134,First,21.4,1197,83.1,5.0,7.36,6.37,0,1,0,1,7
557,4188,Maruti Ertiga VDI,Chennai,2016,86000,Second,25.47,1248,88.5,7.0,10.99,8.2,1,0,0,1,8
559,4208,Volkswagen Vento 1.6 Highline,Jaipur,2016,33000,First,16.09,1598,103.5,5.0,11.63,7.7,0,1,0,1,8
562,4233,Audi Q3 30 TDI Premium FWD,Coimbatore,2018,22060,First,18.51,1968,147.51,5.0,44.8,32.73,1,0,1,0,6
564,4237,Renault KWID RXT Optional,Mumbai,2016,16000,First,25.17,799,53.3,5.0,4.78,2.99,0,1,0,1,8
566,4265,Datsun redi-GO T Option,Coimbatore,2017,27509,First,22.7,799,53.64,5.0,4.04,3.31,0,1,0,1,7
567,4273,Skoda Superb Style 1.8 TSI AT,Mumbai,2016,53000,First,14.67,1798,177.46,5.0,33.36,17.85,0,1,1,0,8
568,4284,Toyota Innova Crysta 2.8 ZX AT,Delhi,2016,42000,First,11.36,2755,171.5,7.0,26.55,19.6,1,0,1,0,8
569,4300,Maruti Wagon R VXI AMT,Mumbai,2018,1997,First,22.5,998,67.0,5.0,6.14,4.45,0,1,1,0,6
570,4301,Maruti Vitara Brezza ZDi Plus Dual Tone,Pune,2016,47300,First,24.3,1248,88.5,5.0,11.96,8.85,1,0,0,1,8
572,4318,Toyota Innova Crysta 2.8 ZX AT,Ahmedabad,2016,42388,First,11.36,2755,171.5,7.0,24.63,18.0,1,0,1,0,8
573,4327,BMW X1 xDrive 20d M Sport,Kolkata,2017,27001,First,20.68,1995,190.0,5.0,50.26,29.0,1,0,1,0,7
574,4334,Hyundai Grand i10 1.2 Kappa Sportz,Coimbatore,2017,38712,First,18.9,1197,81.86,5.0,7.45,5.87,0,1,0,1,7
575,4346,Maruti Swift ZXI Plus,Ahmedabad,2018,2000,First,22.0,1197,81.8,5.0,8.16,7.75,0,1,0,1,6
576,4350,Toyota Innova Crysta 2.4 VX MT 8S,Coimbatore,2019,31271,First,13.68,2393,147.8,8.0,24.01,21.42,1,0,0,1,5
578,4373,Toyota Innova Crysta 2.4 ZX MT,Ahmedabad,2016,54000,First,13.68,2393,147.8,7.0,23.14,16.5,1,0,0,1,8
579,4401,Tata Tiago 1.2 Revotron XZ WO Alloy,Hyderabad,2017,16500,First,23.84,1199,84.0,5.0,6.29,5.0,0,1,0,1,7
580,4403,Honda Amaze V Petrol,Jaipur,2018,6000,First,19.5,1199,86.76,5.0,8.18,6.7,0,1,0,1,6
582,4444,Hyundai Grand i10 1.2 Kappa Magna,Kolkata,2018,4500,First,18.9,1197,81.86,5.0,6.4,4.8,0,1,0,1,6
583,4447,Hyundai Grand i10 1.2 Kappa Asta,Kochi,2017,51223,First,18.9,1197,81.86,5.0,7.48,5.66,0,1,0,1,7
584,4451,Ford Mustang V8,Kochi,2018,21290,First,13.0,4951,395.0,4.0,83.92,56.8,0,1,1,0,6
585,4452,Toyota Innova Crysta 2.8 GX AT,Kochi,2019,14076,First,11.36,2755,171.5,7.0,20.74,19.4,1,0,1,0,5
586,4463,Hyundai Grand i10 1.2 Kappa Asta,Hyderabad,2017,22500,First,18.9,1197,81.86,5.0,7.82,5.99,0,1,0,1,7
588,4472,Maruti Wagon R VXI,Jaipur,2017,39867,First,22.5,998,67.04,5.0,5.44,4.5,0,1,0,1,7
591,4487,Hyundai Verna VTVT 1.6 SX Option,Kochi,2016,52378,First,17.0,1591,121.3,5.0,13.6,7.97,0,1,0,1,8
592,4495,Maruti Dzire AMT ZDI Plus,Kochi,2018,64035,First,28.4,1248,73.75,5.0,10.7,8.55,1,0,1,0,6
593,4516,Maruti Eeco 7 Seater Standard,Chennai,2016,55000,First,15.1,1196,73.0,7.0,4.87,3.75,0,1,0,1,8
595,4527,Mercedes-Benz GLE 350d,Chennai,2016,29000,First,11.57,2987,254.79,5.0,92.79,65.0,1,0,1,0,8
596,4532,Maruti Wagon R VXI AMT,Kolkata,2017,17000,First,22.5,998,67.0,5.0,5.8,3.95,0,1,1,0,7
599,4554,BMW 3 Series Luxury Line,Pune,2016,70000,Second,21.76,1995,190.0,5.0,62.11,27.0,1,0,1,0,8
600,4560,Honda Jazz V,Kochi,2017,36973,First,18.2,1199,88.7,5.0,8.71,6.8,0,1,0,1,7
602,4570,Maruti Vitara Brezza ZDi Plus AMT Dual Tone,Chennai,2018,3300,First,24.3,1248,88.5,5.0,12.88,11.5,1,0,1,0,6
603,4571,Maruti Alto K10 LXI,Delhi,2016,35027,First,24.07,998,67.1,5.0,3.91,3.0,0,1,0,1,8
604,4590,Maruti Vitara Brezza ZDi,Bangalore,2017,45000,First,24.3,1248,88.5,5.0,11.0,9.75,1,0,0,1,7
605,4601,BMW X1 sDrive 20d xLine,Coimbatore,2019,15456,First,20.68,1995,190.0,5.0,48.18,36.64,1,0,1,0,5
607,4633,Renault KWID 1.0 RXT Optional,Jaipur,2016,26000,First,21.7,999,67.0,5.0,4.78,3.0,0,1,0,1,8
608,4649,Honda WRV i-VTEC VX,Hyderabad,2017,15000,First,17.5,1199,88.7,5.0,10.83,8.9,0,1,0,1,7
610,4680,Maruti Ertiga VDI,Pune,2016,54161,First,25.47,1248,88.5,7.0,11.27,7.64,1,0,0,1,8
611,4685,Volkswagen Vento 1.6 Comfortline,Kochi,2018,20488,Second,16.09,1598,103.5,5.0,11.48,7.64,0,1,0,1,6
612,4689,Toyota Fortuner 2.8 2WD MT,Coimbatore,2017,72668,First,14.24,2755,174.5,7.0,37.17,28.85,1,0,0,1,7
614,4706,Toyota Innova Crysta 2.8 ZX AT,Chennai,2016,80000,First,11.36,2755,171.5,7.0,26.95,19.5,1,0,1,0,8
615,4724,Hyundai Xcent 1.2 VTVT E,Pune,2018,40000,First,20.14,1197,81.86,5.0,6.71,5.0,0,1,0,1,6
616,4728,Hyundai Verna VTVT 1.6 SX Option,Kochi,2019,12336,First,17.0,1591,121.3,5.0,13.6,11.88,0,1,0,1,5
617,4731,Nissan Micra Active XV,Pune,2018,24000,First,19.69,1198,67.04,5.0,6.99,4.0,0,1,0,1,6
619,4748,Tata Tiago 1.2 Revotron XT Option,Coimbatore,2019,16698,First,23.84,1199,84.0,5.0,6.21,5.85,0,1,0,1,5
620,4755,Land Rover Range Rover Evoque 2.0 TD4 HSE Dynamic,Hyderabad,2016,52000,First,15.68,1999,177.0,5.0,74.49,42.0,1,0,1,0,8
621,4773,Hyundai Elite i20 Sportz Plus,Kochi,2017,37460,First,18.6,1197,81.86,5.0,8.03,6.28,0,1,0,1,7
623,4780,Hyundai Creta 1.6 SX Option Diesel,Bangalore,2016,93000,First,20.5,1582,126.2,5.0,19.18,10.8,1,0,0,1,8
625,4795,BMW 3 Series Luxury Line,Kochi,2018,21936,First,21.76,1995,190.0,5.0,58.67,37.92,1,0,1,0,6
627,4811,Mahindra Thar CRDe,Coimbatore,2017,28599,First,16.55,2498,105.0,6.0,11.71,9.66,1,0,0,1,7
628,4819,Datsun redi-GO T,Kolkata,2016,15000,First,22.7,799,53.64,5.0,3.98,2.25,0,1,0,1,8
632,4858,Audi A4 35 TDI Technology,Hyderabad,2017,14000,First,18.25,1968,187.74,5.0,55.61,43.0,1,0,1,0,7
634,4873,Maruti Baleno Alpha,Chennai,2016,16000,First,21.4,1197,83.1,5.0,8.8,6.95,0,1,0,1,8
635,4877,Tata Nexon 1.2 Revotron XZ Plus,Coimbatore,2018,17477,First,17.0,1198,108.5,5.0,11.13,9.62,0,1,0,1,6
637,4887,Maruti Vitara Brezza ZDi Plus,Kochi,2018,57078,First,24.3,1248,88.5,5.0,11.58,10.19,1,0,0,1,6
638,4894,Maruti Baleno Alpha Diesel,Hyderabad,2017,24000,First,27.39,1248,74.0,5.0,10.63,8.4,1,0,0,1,7
639,4902,Maruti Baleno Alpha CVT,Mumbai,2018,3000,First,21.4,1197,83.1,5.0,10.3,8.85,0,1,1,0,6
640,4907,Honda City i-VTEC VX,Ahmedabad,2017,29000,First,17.4,1497,117.3,5.0,12.68,10.0,0,1,0,1,7
641,4914,Mercedes-Benz GLC 220d 4MATIC Style,Mumbai,2017,24000,First,17.9,2143,170.0,5.0,59.77,46.95,1,0,1,0,7
642,4926,Hyundai Creta 1.6 SX Option Executive,Coimbatore,2018,44383,First,15.8,1591,121.3,5.0,17.7,13.25,0,1,0,1,6
643,4929,Hyundai Creta 1.6 SX,Delhi,2016,69000,First,15.8,1591,121.3,5.0,14.23,9.7,0,1,0,1,8
644,4934,Maruti Dzire AMT VDI,Coimbatore,2018,25082,First,28.4,1248,73.75,5.0,9.62,8.37,1,0,1,0,6
646,4950,Ford Aspire Titanium Diesel,Kolkata,2017,60048,First,26.1,1498,99.0,5.0,8.91,6.0,1,0,0,1,7
647,4961,Maruti Dzire AMT ZXI Plus,Coimbatore,2019,8018,First,22.0,1197,81.8,5.0,10.26,8.3,0,1,1,0,5
648,4968,Tata Tiago AMT 1.2 Revotron XZA,Pune,2018,2000,First,23.84,1199,83.83,5.0,6.94,5.0,0,1,1,0,6
650,4978,Honda Amaze V CVT Petrol,Kochi,2019,25717,First,19.0,1199,88.76,5.0,9.47,8.86,0,1,1,0,5
651,4981,Honda Jazz VX,Chennai,2017,8000,First,18.2,1199,88.7,5.0,9.1,7.9,0,1,0,1,7
652,4984,Hyundai Creta 1.6 SX Option Diesel,Coimbatore,2019,24864,First,20.5,1582,126.2,5.0,19.18,16.27,1,0,0,1,5
653,4988,BMW 5 Series 530d M Sport,Hyderabad,2016,27000,First,18.59,2993,265.0,5.0,78.31,48.0,1,0,1,0,8
654,4989,Audi A3 35 TDI Premium Plus,Mumbai,2016,39000,First,20.38,1968,143.0,5.0,42.89,18.9,1,0,1,0,8
656,5002,BMW X3 xDrive 20d xLine,Kochi,2017,36723,First,18.56,1995,190.0,5.0,64.76,32.57,1,0,1,0,7
657,5009,Audi Q7 45 TDI Quattro Technology,Pune,2017,59500,First,14.75,2967,245.0,7.0,99.92,68.0,1,0,1,0,7
658,5018,Honda Jazz VX Diesel,Hyderabad,2017,17151,First,27.3,1498,98.6,5.0,11.05,8.4,1,0,0,1,7
659,5030,Maruti Vitara Brezza LDi,Kochi,2018,32539,First,24.3,1248,88.5,5.0,8.63,8.39,1,0,0,1,6
660,5038,Land Rover Discovery Sport TD4 HSE 7S,Coimbatore,2019,24013,First,12.81,1999,148.31,7.0,69.22,56.14,1,0,1,0,5
661,5049,Jeep Compass 2.0 Sport,Kolkata,2017,27000,First,17.1,1956,170.0,5.0,18.45,15.0,1,0,0,1,7
662,5059,Maruti Vitara Brezza ZDi,Coimbatore,2017,58829,First,24.3,1248,88.5,5.0,9.89,9.05,1,0,0,1,7
663,5062,Maruti Celerio LXI MT,Kolkata,2018,30000,First,23.1,998,67.04,5.0,4.87,3.75,0,1,0,1,6
664,5078,Maruti Vitara Brezza ZDi,Coimbatore,2017,21789,First,24.3,1248,88.5,5.0,11.0,9.88,1,0,0,1,7
665,5079,Hyundai Elite i20 Asta Option,Coimbatore,2019,21134,First,18.6,1197,81.86,5.0,9.78,8.78,0,1,0,1,5
669,5102,Maruti Wagon R VXI,Kochi,2019,31817,First,22.5,998,67.04,5.0,5.12,5.34,0,1,0,1,5
670,5107,Mercedes-Benz GLE 250d,Hyderabad,2016,50000,First,17.9,2143,201.15,5.0,79.43,49.0,1,0,1,0,8
671,5111,Tata Zest Quadrajet 1.3 75PS XE,Kolkata,2017,45000,First,22.95,1248,74.0,5.0,7.94,3.75,1,0,0,1,7
672,5118,Mercedes-Benz GLE 350d,Bangalore,2016,28541,First,11.57,2987,254.79,5.0,95.13,60.75,1,0,1,0,8
675,5135,Honda Jazz VX Diesel,Chennai,2016,14980,First,27.3,1498,98.6,5.0,10.81,7.4,1,0,0,1,8
676,5166,Mercedes-Benz CLA 200 CDI Sport,Jaipur,2017,39000,First,17.9,2143,136.0,5.0,42.4,27.0,1,0,1,0,7
682,5200,Renault KWID Climber 1.0 AMT,Coimbatore,2018,38171,Second,22.5,999,67.0,5.0,5.72,4.99,0,1,1,0,6
683,5207,Renault KWID 1.0 RXT Optional AMT,Kochi,2017,53105,First,22.5,999,67.0,5.0,4.93,4.41,0,1,1,0,7
684,5211,Mahindra Bolero ZLX,Coimbatore,2017,68557,First,15.96,2523,62.1,7.0,11.28,8.14,1,0,0,1,7
685,5212,Volkswagen Vento 1.5 TDI Highline,Hyderabad,2016,34000,First,20.64,1498,108.5,5.0,14.2,8.45,1,0,0,1,8
687,5230,Ford EcoSport 1.5 Diesel Trend,Kochi,2017,63423,First,23.0,1498,98.96,5.0,10.42,7.69,1,0,0,1,7
688,5237,Hyundai Creta 1.6 SX Option,Kochi,2018,53322,First,15.8,1591,121.3,5.0,16.06,12.13,0,1,0,1,6
689,5241,Ford EcoSport 1.5 Petrol Titanium,Hyderabad,2017,21800,First,17.0,1497,121.36,5.0,11.27,8.75,0,1,0,1,7
690,5249,Ford Freestyle Titanium Plus Petrol,Jaipur,2018,1001,First,19.0,1194,94.68,5.0,8.44,7.23,0,1,0,1,6
692,5256,Maruti Vitara Brezza ZDi Plus Dual Tone,Pune,2016,85000,First,24.3,1248,88.5,5.0,11.96,8.9,1,0,0,1,8
695,5262,Tata Tiago 1.2 Revotron XM Option,Chennai,2016,5400,First,23.84,1199,84.0,5.0,5.45,3.98,0,1,0,1,8
696,5266,Volkswagen Ameo 1.2 MPI Highline,Kochi,2017,14576,First,17.0,1198,73.75,5.0,8.38,6.69,0,1,0,1,7
697,5267,Honda BRV i-VTEC V CVT,Mumbai,2017,17000,First,16.0,1497,117.3,7.0,15.02,9.5,0,1,1,0,7
698,5271,Maruti Celerio ZXI Optional AMT,Kochi,2018,12278,First,23.1,998,67.04,5.0,5.95,5.63,0,1,1,0,6
699,5272,Hyundai Creta 1.6 SX,Coimbatore,2018,17665,First,15.8,1591,121.3,5.0,15.36,11.78,0,1,0,1,6
700,5279,Tata Zest Revotron 1.2T XE,Kolkata,2017,65000,First,17.57,1193,88.7,5.0,6.59,4.8,0,1,0,1,7
702,5290,Volkswagen Polo 1.5 TDI Highline,Hyderabad,2016,29647,First,20.14,1498,88.0,5.0,10.15,6.3,1,0,0,1,8
703,5291,Maruti Baleno RS Petrol,Kochi,2018,43639,First,21.1,998,100.0,5.0,9.83,8.15,0,1,0,1,6
704,5304,BMW 3 Series Luxury Line,Bangalore,2017,21000,First,21.76,1995,190.0,5.0,62.07,35.0,1,0,1,0,7
706,5310,Volkswagen Polo 1.5 TDI Highline,Chennai,2017,25000,First,20.14,1498,88.0,5.0,9.97,6.9,1,0,0,1,7
708,5314,Hyundai Grand i10 1.2 CRDi Sportz,Kochi,2018,32663,First,24.0,1186,73.97,5.0,8.18,6.28,1,0,0,1,6
709,5316,Tata Bolt Quadrajet XE,Hyderabad,2016,100303,First,22.95,1248,74.0,5.0,7.43,3.7,1,0,0,1,8
713,5331,Ford Ecosport Signature Edition Diesel,Ahmedabad,2018,13000,First,23.0,1498,98.96,5.0,12.12,10.9,1,0,0,1,6
715,5339,Hyundai i20 Active SX Dual Tone Petrol,Pune,2019,1000,First,17.19,1197,81.86,5.0,10.25,8.6,0,1,0,1,5
716,5350,Volkswagen Ameo 1.5 TDI Highline,Pune,2016,20000,First,21.66,1498,108.62,5.0,10.04,6.75,1,0,0,1,8
718,5357,Mahindra Bolero ZLX,Jaipur,2016,65000,First,15.96,2523,62.1,7.0,11.15,7.21,1,0,0,1,8
719,5359,Hyundai Xcent 1.2 CRDi S,Kolkata,2017,51000,First,25.4,1186,73.97,5.0,8.23,4.2,1,0,0,1,7
720,5366,Toyota Innova Crysta 2.4 GX MT,Hyderabad,2016,73000,First,13.68,2393,147.8,7.0,19.37,16.5,1,0,0,1,8
724,5396,Maruti Ertiga VDI,Kochi,2018,51236,First,25.47,1248,88.5,7.0,10.83,8.49,1,0,0,1,6
725,5415,Maruti Dzire AMT VXI,Chennai,2017,42000,First,22.0,1197,81.8,5.0,8.13,5.5,0,1,1,0,7
726,5419,Toyota Corolla Altis 1.8 VL CVT,Coimbatore,2016,82725,First,14.28,1798,138.03,5.0,25.27,11.99,0,1,1,0,8
727,5420,BMW 3 Series Sport,Mumbai,2016,19000,Second,21.76,1995,190.0,5.0,57.3,29.99,1,0,1,0,8
728,5427,Maruti Wagon R VXI AMT,Delhi,2016,30000,First,22.5,998,67.0,5.0,5.68,4.25,0,1,1,0,8
729,5431,Maruti Vitara Brezza ZDi Plus Dual Tone,Delhi,2016,22000,First,24.3,1248,88.5,5.0,11.75,8.25,1,0,0,1,8
730,5434,Honda WR-V Edge Edition i-VTEC S,Kochi,2019,13913,First,17.5,1199,88.7,5.0,9.36,8.2,0,1,0,1,5
731,5447,Mercedes-Benz GLA Class 200 d Style,Kochi,2016,26212,First,17.9,2143,136.0,5.0,38.72,24.46,1,0,1,0,8
734,5451,Hyundai Xcent 1.2 CRDi S,Kolkata,2016,26000,First,25.4,1186,73.97,5.0,8.23,5.0,1,0,0,1,8
735,5465,Maruti Wagon R VXI,Jaipur,2017,35362,First,22.5,998,67.04,5.0,5.44,3.85,0,1,0,1,7
737,5479,Renault KWID Climber 1.0 AMT,Chennai,2018,14000,First,22.5,999,67.0,5.0,5.67,4.5,0,1,1,0,6
738,5484,Hyundai Creta 1.6 SX Option Diesel,Coimbatore,2016,47392,First,20.5,1582,126.2,5.0,19.18,13.82,1,0,0,1,8
739,5507,Maruti Dzire LDI,Pune,2017,48000,First,28.4,1248,73.75,5.0,7.91,6.0,1,0,0,1,7
740,5509,Renault KWID RXL,Jaipur,2016,26000,First,25.17,799,53.3,5.0,3.96,2.55,0,1,0,1,8
741,5513,Maruti Alto K10 VXI,Jaipur,2016,35000,First,24.07,998,67.1,5.0,4.24,3.0,0,1,0,1,8
742,5516,BMW X3 xDrive 20d Luxury Line,Mumbai,2018,1400,First,18.56,1995,190.0,5.0,70.55,61.25,1,0,1,0,6
743,5518,Mini Cooper 3 DOOR S,Kochi,2016,21110,First,17.44,1998,189.08,4.0,39.27,28.95,0,1,1,0,8
746,5542,Toyota Innova Crysta 2.8 GX AT,Kochi,2017,20789,First,11.36,2755,171.5,7.0,20.74,18.36,1,0,1,0,7
748,5558,BMW 5 Series 520d Luxury Line,Coimbatore,2016,75637,First,22.48,1995,190.0,5.0,71.82,30.37,1,0,1,0,8
749,5560,Renault KWID RXT Optional,Kochi,2019,6568,First,25.17,799,53.3,5.0,4.78,5.09,0,1,0,1,5
750,5564,BMW 3 Series 320d Luxury Line,Kochi,2016,62404,First,22.69,1995,190.0,5.0,54.43,21.33,1,0,1,0,8
751,5568,BMW 3 Series Luxury Line,Coimbatore,2017,34232,First,21.76,1995,190.0,5.0,55.07,35.84,1,0,1,0,7
754,5582,Toyota Fortuner 2.8 2WD AT,Coimbatore,2019,28069,First,12.9,2755,174.5,7.0,34.45,30.85,1,0,1,0,5
756,5606,Maruti Wagon R ZXI AMT 1.2,Mumbai,2019,600,First,21.5,1197,81.8,5.0,6.8,6.25,0,1,1,0,5
757,5625,Tata Tigor XE Diesel,Ahmedabad,2017,16235,First,24.7,1047,69.0,5.0,7.15,5.5,1,0,0,1,7
758,5626,Skoda Superb Style 1.8 TSI AT,Kochi,2017,73641,First,14.67,1798,177.46,5.0,33.36,17.08,0,1,1,0,7
760,5632,Toyota Etios 1.4 VXD,Pune,2018,3000,First,23.59,1364,67.04,5.0,10.63,7.9,1,0,0,1,6
762,5650,Maruti Eeco 7 Seater Standard,Delhi,2016,126000,First,15.1,1196,73.0,7.0,4.43,2.2,0,1,0,1,8
763,5679,Volkswagen Vento 1.5 TDI Highline,Hyderabad,2017,28000,First,20.64,1498,108.5,5.0,14.2,10.0,1,0,0,1,7
764,5680,Hyundai Grand i10 1.2 Kappa Magna,Delhi,2017,46000,First,18.9,1197,81.86,5.0,6.54,4.75,0,1,0,1,7
765,5684,Maruti Baleno Zeta,Coimbatore,2018,33150,First,21.4,1197,83.1,5.0,8.71,7.39,0,1,0,1,6
767,5708,Honda BRV i-VTEC V CVT,Mumbai,2017,16503,First,16.0,1497,117.3,7.0,15.02,9.5,0,1,1,0,7
768,5715,Honda City i-VTEC CVT V,Kochi,2019,22321,First,18.0,1497,117.3,5.0,13.4,11.66,0,1,1,0,5
769,5736,Mahindra KUV 100 G80 K8 Dual Tone,Delhi,2018,42000,First,18.15,1198,82.0,6.0,7.96,5.5,0,1,0,1,6
770,5749,Honda City i-VTEC V,Kochi,2018,11732,First,17.4,1497,117.3,5.0,11.88,10.07,0,1,0,1,6
771,5757,Toyota Innova Crysta 2.4 VX MT,Kolkata,2017,31000,First,13.68,2393,147.8,7.0,21.36,16.95,1,0,0,1,7
774,5769,Tata Tiago 1.2 Revotron XZ,Coimbatore,2019,20712,First,23.84,1199,84.0,5.0,6.59,6.94,0,1,0,1,5
776,5788,Tata Tiago 1.2 Revotron XZ,Hyderabad,2017,22000,First,23.84,1199,84.0,5.0,6.42,4.8,0,1,0,1,7
777,5789,Renault KWID RXL,Kochi,2019,7858,First,25.17,799,53.3,5.0,4.04,3.8,0,1,0,1,5
779,5799,Volkswagen Vento 1.5 TDI Highline AT,Pune,2016,19000,First,21.5,1498,108.5,5.0,15.68,10.0,1,0,1,0,8
780,5805,Skoda Rapid 1.6 MPI Ambition,Coimbatore,2019,21214,First,15.41,1598,103.52,5.0,12.44,9.66,0,1,0,1,5
781,5808,Maruti Celerio VXI AMT,Kolkata,2016,30000,First,23.1,998,67.04,5.0,5.77,3.8,0,1,1,0,8
782,5819,Renault KWID RXT Optional,Kochi,2017,21954,First,25.17,799,53.3,5.0,4.78,3.7,0,1,0,1,7
783,5828,Nissan Micra XV CVT,Coimbatore,2017,54387,First,19.15,1198,75.94,5.0,9.51,5.85,0,1,1,0,7
784,5829,Renault KWID RXT Optional,Mumbai,2018,1617,First,25.17,799,53.3,5.0,4.78,4.29,0,1,0,1,6
786,5854,Hyundai Grand i10 1.2 Kappa Sportz,Kochi,2016,28147,First,18.9,1197,81.86,5.0,6.62,5.07,0,1,0,1,8
788,5867,Skoda Superb L&K 2.0 TDI AT,Mumbai,2017,35000,First,18.19,1968,174.5,5.0,40.73,25.75,1,0,1,0,7
789,5872,Maruti Vitara Brezza ZDi Plus Dual Tone,Kochi,2017,21248,First,24.3,1248,88.5,5.0,11.75,9.44,1,0,0,1,7
790,5875,Mercedes-Benz C-Class Progressive C 220d,Ahmedabad,2019,4000,First,0.0,1950,194.0,5.0,49.14,35.0,1,0,1,0,5
792,5894,Hyundai Creta 1.6 SX,Hyderabad,2018,9900,First,15.8,1591,121.3,5.0,14.72,13.2,0,1,0,1,6
793,5905,Tata Zest Quadrajet 1.3 75PS XE,Hyderabad,2016,125000,First,22.95,1248,74.0,5.0,8.09,4.6,1,0,0,1,8
794,5907,Renault Duster 110PS Diesel RxZ AMT,Coimbatore,2017,34686,First,19.6,1461,108.45,5.0,15.05,11.86,1,0,1,0,7
795,5923,Skoda Superb Style 2.0 TDI AT,Mumbai,2017,42000,First,18.19,1968,174.5,5.0,36.94,22.99,1,0,1,0,7
796,5928,Mahindra NuvoSport N6,Coimbatore,2018,37323,Second,17.45,1493,100.0,7.0,10.52,7.29,1,0,0,1,6
797,5940,Maruti Dzire LDI,Pune,2018,27000,First,28.4,1248,73.75,5.0,7.91,5.9,1,0,0,1,6
798,5941,Renault KWID RXL,Pune,2018,1000,First,25.17,799,53.3,5.0,4.45,3.4,0,1,0,1,6
799,5947,Maruti Ertiga VXI AT Petrol,Mumbai,2017,28000,First,18.69,1462,103.0,7.0,10.65,8.0,0,1,1,0,7
801,5964,Hyundai Verna VTVT 1.6 AT SX Option,Mumbai,2018,8000,First,17.0,1591,121.3,5.0,15.14,12.85,0,1,1,0,6
802,5970,Mercedes-Benz GLA Class 200 Sport,Kochi,2018,17773,First,13.7,1991,183.0,5.0,39.22,26.76,0,1,1,0,6
804,5974,Volkswagen Ameo 1.2 MPI Highline,Ahmedabad,2016,34005,First,17.0,1198,73.75,5.0,8.09,5.75,0,1,0,1,8
805,5981,Maruti Baleno Alpha,Mumbai,2017,6000,First,21.4,1197,83.1,5.0,8.78,7.5,0,1,0,1,7
806,5982,Tata Hexa XTA,Jaipur,2016,39000,First,17.6,2179,153.86,7.0,21.0,13.5,1,0,1,0,8
807,5987,Tata Tiago 1.2 Revotron XT,Kochi,2017,15386,First,23.84,1199,84.0,5.0,5.56,5.11,0,1,0,1,7
809,5999,Tata Bolt Revotron XT,Chennai,2016,10000,First,17.57,1193,88.7,5.0,7.77,4.0,0,1,0,1,8
811,6005,Maruti Vitara Brezza VDi,Pune,2016,37208,First,24.3,1248,88.5,5.0,9.93,7.43,1,0,0,1,8
